sample,run,title,surgery,treatment,group
SRX19144482,SRR23195517,H1,SNI,Oxy,SNI_Oxy
SRX19144486,SRR23195516,H2,SNI,Oxy,SNI_Oxy
SRX19144490,SRR23195509,H3,SNI,Oxy,SNI_Oxy
SRX19144494,SRR23195508,H4,SNI,Oxy,SNI_Oxy
SRX19144481,SRR23195518,F1,SNI,Sal,SNI_Sal
SRX19144485,SRR23195513,F2,SNI,Sal,SNI_Sal
SRX19144489,SRR23195510,F3,SNI,Sal,SNI_Sal
SRX19144493,SRR23195505,F4,SNI,Sal,SNI_Sal
SRX19144480,SRR23195519,C1,Sham,Oxy,Sham_Oxy
SRX19144484,SRR23195514,C2,Sham,Oxy,Sham_Oxy
SRX19144488,SRR23195511,C3,Sham,Oxy,Sham_Oxy
SRX19144492,SRR23195506,C4,Sham,Oxy,Sham_Oxy
SRX19144479,SRR23195520,B1,Sham,Sal,Sham_Sal
SRX19144483,SRR23195515,B2,Sham,Sal,Sham_Sal
SRX19144487,SRR23195512,B3,Sham,Sal,Sham_Sal
SRX19144491,SRR23195507,B4,Sham,Sal,Sham_Sal
